product_id,units,date,order_type
product_0,110.0,2022-04-01,new_product
product_1,60.0,2022-04-01,new_product
product_2,90.0,2022-04-01,new_product
product_3,110.0,2022-04-01,new_product
product_4,160.0,2022-04-01,new_product
product_5,155.0,2022-04-01,new_product
product_6,245.0,2022-04-01,new_product
product_7,120.0,2022-04-01,new_product
product_8,185.0,2022-04-01,new_product
product_9,130.0,2022-04-01,new_product
product_10,100.0,2022-04-01,new_product
product_11,120.0,2022-04-01,new_product
product_12,205.0,2022-04-01,new_product
product_13,100.0,2022-04-01,new_product
product_14,100.0,2022-04-01,new_product
product_15,145.0,2022-04-01,new_product
product_16,60.0,2022-04-01,new_product
product_17,120.0,2022-04-01,new_product
product_18,170.0,2022-04-01,new_product
product_19,80.0,2022-04-01,new_product
product_20,120.0,2022-04-01,new_product
product_21,60.0,2022-04-01,new_product
product_22,100.0,2022-04-01,new_product
product_23,135.0,2022-04-01,new_product
product_24,70.0,2022-04-01,new_product
product_25,90.0,2022-04-01,new_product
product_26,180.0,2022-04-01,new_product
product_27,90.0,2022-04-01,new_product
product_28,80.0,2022-04-01,new_product
product_29,90.0,2022-04-01,new_product
product_30,110.0,2022-04-01,new_product
product_31,80.0,2022-04-01,new_product
product_32,90.0,2022-04-01,new_product
product_33,205.0,2022-04-01,new_product
product_34,180.0,2022-04-01,new_product
product_35,110.0,2022-04-01,new_product
product_36,100.0,2022-04-01,new_product
product_37,90.0,2022-04-01,new_product
product_38,130.0,2022-04-01,new_product
product_39,90.0,2022-04-01,new_product
product_40,60.0,2022-04-01,new_product
product_41,155.0,2022-04-01,new_product
product_42,100.0,2022-04-01,new_product
product_43,50.0,2022-04-01,new_product
product_44,120.0,2022-04-01,new_product
product_45,35.0,2022-04-01,new_product
product_46,125.0,2022-04-01,new_product
product_47,150.0,2022-04-01,new_product
product_48,165.0,2022-04-01,new_product
product_49,80.0,2022-04-01,new_product
product_50,80.0,2022-04-01,new_product
product_51,130.0,2022-04-01,new_product
product_52,100.0,2022-04-01,new_product
product_53,130.0,2022-04-01,new_product
product_54,50.0,2022-04-01,new_product
product_55,100.0,2022-04-01,new_product
product_56,175.0,2022-04-01,new_product
product_57,70.0,2022-04-01,new_product
product_58,150.0,2022-04-01,new_product
product_59,195.0,2022-04-01,new_product
product_60,70.0,2022-04-01,new_product
product_61,150.0,2022-04-01,new_product
product_62,100.0,2022-04-01,new_product
product_63,80.0,2022-04-01,new_product
product_64,165.0,2022-04-01,new_product
product_65,80.0,2022-04-01,new_product
product_66,80.0,2022-04-01,new_product
product_67,160.0,2022-04-01,new_product
product_68,40.0,2022-04-01,new_product
product_69,120.0,2022-04-01,new_product
product_70,200.0,2022-04-01,new_product
product_71,120.0,2022-04-01,new_product
product_72,110.0,2022-04-01,new_product
product_73,100.0,2022-04-01,new_product
product_74,45.0,2022-04-01,new_product
product_75,80.0,2022-04-01,new_product
product_76,60.0,2022-04-01,new_product
product_77,120.0,2022-04-01,new_product
product_78,110.0,2022-04-01,new_product
product_79,150.0,2022-04-01,new_product
product_80,90.0,2022-04-01,new_product
product_81,80.0,2022-04-01,new_product
product_82,150.0,2022-04-01,new_product
product_83,160.0,2022-04-01,new_product
product_84,90.0,2022-04-01,new_product
product_85,80.0,2022-04-01,new_product
product_86,55.0,2022-04-01,new_product
product_87,60.0,2022-04-01,new_product
product_88,100.0,2022-04-01,new_product
product_89,120.0,2022-04-01,new_product
product_90,85.0,2022-04-01,new_product
product_91,140.0,2022-04-01,new_product
product_92,100.0,2022-04-01,new_product
product_93,135.0,2022-04-01,new_product
product_94,130.0,2022-04-01,new_product
product_95,90.0,2022-04-01,new_product
product_96,130.0,2022-04-01,new_product
product_97,90.0,2022-04-01,new_product
product_98,160.0,2022-04-01,new_product
product_99,195.0,2022-04-01,new_product
product_100,70.0,2022-04-01,new_product
product_101,100.0,2022-04-01,new_product
product_102,200.0,2022-04-01,new_product
product_103,80.0,2022-04-01,new_product
product_104,110.0,2022-04-01,new_product
product_105,110.0,2022-04-01,new_product
product_106,115.0,2022-04-01,new_product
product_107,80.0,2022-04-01,new_product
product_108,100.0,2022-04-01,new_product
product_109,120.0,2022-04-01,new_product
product_110,105.0,2022-04-01,new_product
product_111,130.0,2022-04-01,new_product
product_112,90.0,2022-04-01,new_product
product_113,130.0,2022-04-01,new_product
product_114,145.0,2022-04-01,new_product
product_115,155.0,2022-04-01,new_product
product_116,120.0,2022-04-01,new_product
product_117,110.0,2022-04-01,new_product
product_118,100.0,2022-04-01,new_product
product_119,100.0,2022-04-01,new_product
product_120,110.0,2022-04-01,new_product
product_121,90.0,2022-04-01,new_product
product_122,70.0,2022-04-01,new_product
product_123,160.0,2022-04-01,new_product
product_124,100.0,2022-04-01,new_product
product_125,205.0,2022-04-01,new_product
product_126,150.0,2022-04-01,new_product
product_127,55.0,2022-04-01,new_product
product_128,165.0,2022-04-01,new_product
product_129,205.0,2022-04-01,new_product
product_130,140.0,2022-04-01,new_product
product_131,90.0,2022-04-01,new_product
product_132,180.0,2022-04-01,new_product
product_133,80.0,2022-04-01,new_product
product_134,60.0,2022-04-01,new_product
product_135,90.0,2022-04-01,new_product
product_136,80.0,2022-04-01,new_product
product_137,100.0,2022-04-01,new_product
product_138,100.0,2022-04-01,new_product
product_139,155.0,2022-04-01,new_product
product_140,160.0,2022-04-01,new_product
product_141,120.0,2022-04-01,new_product
product_142,70.0,2022-04-01,new_product
product_143,100.0,2022-04-01,new_product
product_144,90.0,2022-04-01,new_product
product_145,140.0,2022-04-01,new_product
product_146,70.0,2022-04-01,new_product
product_147,100.0,2022-04-01,new_product
product_148,120.0,2022-04-01,new_product
product_149,150.0,2022-04-01,new_product
product_150,140.0,2022-04-01,new_product
product_151,120.0,2022-04-01,new_product
product_152,110.0,2022-04-01,new_product
product_153,110.0,2022-04-01,new_product
product_154,130.0,2022-04-01,new_product
product_155,130.0,2022-04-01,new_product
product_156,100.0,2022-04-01,new_product
product_157,70.0,2022-04-01,new_product
product_158,165.0,2022-04-01,new_product
product_159,125.0,2022-04-01,new_product
product_160,70.0,2022-04-01,new_product
product_161,110.0,2022-04-01,new_product
product_162,85.0,2022-04-01,new_product
product_163,120.0,2022-04-01,new_product
product_164,160.0,2022-04-01,new_product
product_165,80.0,2022-04-01,new_product
product_166,90.0,2022-04-01,new_product
product_167,155.0,2022-04-01,new_product
product_168,140.0,2022-04-01,new_product
product_169,95.0,2022-04-01,new_product
product_170,65.0,2022-04-01,new_product
product_171,90.0,2022-04-01,new_product
product_172,90.0,2022-04-01,new_product
product_173,140.0,2022-04-01,new_product
product_174,70.0,2022-04-01,new_product
product_175,190.0,2022-04-01,new_product
product_176,100.0,2022-04-01,new_product
product_177,90.0,2022-04-01,new_product
product_178,100.0,2022-04-01,new_product
product_179,195.0,2022-04-01,new_product
product_180,110.0,2022-04-01,new_product
product_181,185.0,2022-04-01,new_product
product_182,50.0,2022-04-01,new_product
product_183,90.0,2022-04-01,new_product
product_184,100.0,2022-04-01,new_product
product_185,110.0,2022-04-01,new_product
product_186,70.0,2022-04-01,new_product
product_187,100.0,2022-04-01,new_product
product_188,80.0,2022-04-01,new_product
product_189,190.0,2022-04-01,new_product
product_190,200.0,2022-04-01,new_product
product_191,110.0,2022-04-01,new_product
product_192,215.0,2022-04-01,new_product
product_193,140.0,2022-04-01,new_product
product_194,110.0,2022-04-01,new_product
product_195,60.0,2022-04-01,new_product
product_196,90.0,2022-04-01,new_product
product_197,200.0,2022-04-01,new_product
product_198,90.0,2022-04-01,new_product
product_199,110.0,2022-04-01,new_product
product_200,130.0,2022-04-01,new_product
product_201,140.0,2022-04-01,new_product
product_202,60.0,2022-04-01,new_product
product_203,105.0,2022-04-01,new_product
product_204,80.0,2022-04-01,new_product
product_205,60.0,2022-04-01,new_product
product_206,90.0,2022-04-01,new_product
product_207,150.0,2022-04-01,new_product
product_208,100.0,2022-04-01,new_product
product_209,60.0,2022-04-01,new_product
product_210,180.0,2022-04-01,new_product
product_211,80.0,2022-04-01,new_product
product_212,100.0,2022-04-01,new_product
product_213,160.0,2022-04-01,new_product
product_214,90.0,2022-04-01,new_product
product_215,140.0,2022-04-01,new_product
product_216,60.0,2022-04-01,new_product
product_217,70.0,2022-04-01,new_product
product_218,120.0,2022-04-01,new_product
product_219,130.0,2022-04-01,new_product
product_220,100.0,2022-04-01,new_product
product_221,100.0,2022-04-01,new_product
product_222,90.0,2022-04-01,new_product
product_223,70.0,2022-04-01,new_product
product_224,160.0,2022-04-01,new_product
product_225,100.0,2022-04-01,new_product
product_226,90.0,2022-04-01,new_product
product_227,170.0,2022-04-01,new_product
product_228,95.0,2022-04-01,new_product
product_229,140.0,2022-04-01,new_product
product_230,100.0,2022-04-01,new_product
product_231,205.0,2022-04-01,new_product
product_232,225.0,2022-04-01,new_product
product_233,110.0,2022-04-01,new_product
product_234,95.0,2022-04-01,new_product
product_235,90.0,2022-04-01,new_product
product_236,195.0,2022-04-01,new_product
product_237,110.0,2022-04-01,new_product
product_238,160.0,2022-04-01,new_product
product_239,175.0,2022-04-01,new_product
product_240,90.0,2022-04-01,new_product
product_241,100.0,2022-04-01,new_product
product_242,100.0,2022-04-01,new_product
product_243,235.0,2022-04-01,new_product
product_244,130.0,2022-04-01,new_product
product_245,150.0,2022-04-01,new_product
product_246,150.0,2022-04-01,new_product
product_247,165.0,2022-04-01,new_product
product_248,130.0,2022-04-01,new_product
product_249,110.0,2022-04-01,new_product
product_250,225.0,2022-04-01,new_product
product_251,225.0,2022-04-01,new_product
product_252,130.0,2022-04-01,new_product
product_253,110.0,2022-04-01,new_product
product_254,140.0,2022-04-01,new_product
product_255,200.0,2022-04-01,new_product
product_256,100.0,2022-04-01,new_product
product_257,245.0,2022-04-01,new_product
product_258,70.0,2022-04-01,new_product
product_259,195.0,2022-04-01,new_product
product_260,80.0,2022-04-01,new_product
product_261,120.0,2022-04-01,new_product
product_262,130.0,2022-04-01,new_product
product_263,110.0,2022-04-01,new_product
product_264,70.0,2022-04-01,new_product
product_265,100.0,2022-04-01,new_product
product_266,70.0,2022-04-01,new_product
product_267,140.0,2022-04-01,new_product
product_268,50.0,2022-04-01,new_product
product_269,100.0,2022-04-01,new_product
product_270,100.0,2022-04-01,new_product
product_271,100.0,2022-04-01,new_product
product_272,195.0,2022-04-01,new_product
product_273,80.0,2022-04-01,new_product
product_274,100.0,2022-04-01,new_product
product_275,145.0,2022-04-01,new_product
product_276,140.0,2022-04-01,new_product
product_277,110.0,2022-04-01,new_product
product_278,90.0,2022-04-01,new_product
product_279,100.0,2022-04-01,new_product
product_280,140.0,2022-04-01,new_product
product_281,130.0,2022-04-01,new_product
product_282,140.0,2022-04-01,new_product
product_283,140.0,2022-04-01,new_product
product_284,150.0,2022-04-01,new_product
product_285,100.0,2022-04-01,new_product
product_286,100.0,2022-04-01,new_product
product_287,110.0,2022-04-01,new_product
product_288,110.0,2022-04-01,new_product
product_289,110.0,2022-04-01,new_product
product_290,120.0,2022-04-01,new_product
product_291,180.0,2022-04-01,new_product
product_292,60.0,2022-04-01,new_product
product_293,90.0,2022-04-01,new_product
product_294,135.0,2022-04-01,new_product
product_295,140.0,2022-04-01,new_product
product_296,120.0,2022-04-01,new_product
product_297,110.0,2022-04-01,new_product
product_298,200.0,2022-04-01,new_product
product_299,75.0,2022-04-01,new_product
product_300,105.0,2022-04-01,new_product
product_301,60.0,2022-04-01,new_product
product_302,55.0,2022-04-01,new_product
product_303,90.0,2022-04-01,new_product
product_304,140.0,2022-04-01,new_product
product_305,190.0,2022-04-01,new_product
product_306,90.0,2022-04-01,new_product
product_307,125.0,2022-04-01,new_product
product_308,205.0,2022-04-01,new_product
product_309,100.0,2022-04-01,new_product
product_310,140.0,2022-04-01,new_product
product_311,110.0,2022-04-01,new_product
product_312,170.0,2022-04-01,new_product
product_313,90.0,2022-04-01,new_product
product_314,90.0,2022-04-01,new_product
product_315,25.0,2022-04-01,new_product
product_316,90.0,2022-04-01,new_product
product_317,110.0,2022-04-01,new_product
product_318,90.0,2022-04-01,new_product
product_319,50.0,2022-04-01,new_product
product_320,120.0,2022-04-01,new_product
product_321,75.0,2022-04-01,new_product
product_322,100.0,2022-04-01,new_product
product_323,175.0,2022-04-01,new_product
product_324,75.0,2022-04-01,new_product
product_325,100.0,2022-04-01,new_product
product_326,215.0,2022-04-01,new_product
product_327,175.0,2022-04-01,new_product
product_328,90.0,2022-04-01,new_product
product_329,80.0,2022-04-01,new_product
product_330,80.0,2022-04-01,new_product
product_331,110.0,2022-04-01,new_product
product_332,155.0,2022-04-01,new_product
product_333,140.0,2022-04-01,new_product
product_334,130.0,2022-04-01,new_product
product_335,145.0,2022-04-01,new_product
product_336,150.0,2022-04-01,new_product
product_337,110.0,2022-04-01,new_product
product_338,120.0,2022-04-01,new_product
product_339,70.0,2022-04-01,new_product
product_340,185.0,2022-04-01,new_product
product_341,100.0,2022-04-01,new_product
product_342,50.0,2022-04-01,new_product
product_343,70.0,2022-04-01,new_product
product_344,225.0,2022-04-01,new_product
product_345,195.0,2022-04-01,new_product
product_346,70.0,2022-04-01,new_product
product_347,100.0,2022-04-01,new_product
product_348,120.0,2022-04-01,new_product
product_349,90.0,2022-04-01,new_product
product_350,145.0,2022-04-01,new_product
product_351,120.0,2022-04-01,new_product
product_352,90.0,2022-04-01,new_product
product_353,115.0,2022-04-01,new_product
product_354,70.0,2022-04-01,new_product
product_355,100.0,2022-04-01,new_product
product_356,60.0,2022-04-01,new_product
product_357,130.0,2022-04-01,new_product
product_358,110.0,2022-04-01,new_product
product_359,150.0,2022-04-01,new_product
product_360,130.0,2022-04-01,new_product
product_361,100.0,2022-04-01,new_product
product_362,95.0,2022-04-01,new_product
product_363,110.0,2022-04-01,new_product
product_364,100.0,2022-04-01,new_product
product_365,170.0,2022-04-01,new_product
product_366,100.0,2022-04-01,new_product
product_367,150.0,2022-04-01,new_product
product_368,110.0,2022-04-01,new_product
product_369,100.0,2022-04-01,new_product
product_370,140.0,2022-04-01,new_product
product_371,110.0,2022-04-01,new_product
product_372,175.0,2022-04-01,new_product
product_373,110.0,2022-04-01,new_product
product_374,195.0,2022-04-01,new_product
product_375,75.0,2022-04-01,new_product
product_376,80.0,2022-04-01,new_product
product_377,80.0,2022-04-01,new_product
product_378,70.0,2022-04-01,new_product
product_379,120.0,2022-04-01,new_product
product_380,60.0,2022-04-01,new_product
product_381,100.0,2022-04-01,new_product
product_382,185.0,2022-04-01,new_product
product_383,100.0,2022-04-01,new_product
product_384,140.0,2022-04-01,new_product
product_385,60.0,2022-04-01,new_product
product_386,140.0,2022-04-01,new_product
product_387,120.0,2022-04-01,new_product
product_388,95.0,2022-04-01,new_product
product_389,80.0,2022-04-01,new_product
product_390,140.0,2022-04-01,new_product
product_391,120.0,2022-04-01,new_product
product_392,120.0,2022-04-01,new_product
product_393,110.0,2022-04-01,new_product
product_394,90.0,2022-04-01,new_product
product_395,100.0,2022-04-01,new_product
product_396,120.0,2022-04-01,new_product
product_397,110.0,2022-04-01,new_product
product_398,110.0,2022-04-01,new_product
product_399,100.0,2022-04-01,new_product
product_400,130.0,2022-04-01,new_product
product_401,150.0,2022-04-01,new_product
product_402,195.0,2022-04-01,new_product
product_403,145.0,2022-04-01,new_product
product_404,70.0,2022-04-01,new_product
product_405,100.0,2022-04-01,new_product
product_406,185.0,2022-04-01,new_product
product_407,50.0,2022-04-01,new_product
product_408,60.0,2022-04-01,new_product
product_409,100.0,2022-04-01,new_product
product_410,60.0,2022-04-01,new_product
product_411,80.0,2022-04-01,new_product
product_412,105.0,2022-04-01,new_product
product_413,50.0,2022-04-01,new_product
product_414,145.0,2022-04-01,new_product
product_415,270.0,2022-04-01,new_product
product_416,100.0,2022-04-01,new_product
product_417,90.0,2022-04-01,new_product
product_418,140.0,2022-04-01,new_product
product_419,150.0,2022-04-01,new_product
product_420,110.0,2022-04-01,new_product
product_421,140.0,2022-04-01,new_product
product_422,150.0,2022-04-01,new_product
product_423,90.0,2022-04-01,new_product
product_424,140.0,2022-04-01,new_product
product_425,80.0,2022-04-01,new_product
product_426,80.0,2022-04-01,new_product
product_427,60.0,2022-04-01,new_product
product_428,125.0,2022-04-01,new_product
product_429,70.0,2022-04-01,new_product
product_430,100.0,2022-04-01,new_product
product_431,140.0,2022-04-01,new_product
product_432,90.0,2022-04-01,new_product
product_433,100.0,2022-04-01,new_product
product_434,160.0,2022-04-01,new_product
product_435,70.0,2022-04-01,new_product
product_436,145.0,2022-04-01,new_product
product_437,120.0,2022-04-01,new_product
product_438,140.0,2022-04-01,new_product
product_439,70.0,2022-04-01,new_product
product_440,100.0,2022-04-01,new_product
product_441,65.0,2022-04-01,new_product
product_442,60.0,2022-04-01,new_product
product_443,80.0,2022-04-01,new_product
product_444,70.0,2022-04-01,new_product
product_445,70.0,2022-04-01,new_product
product_446,70.0,2022-04-01,new_product
product_447,210.0,2022-04-01,new_product
product_448,110.0,2022-04-01,new_product
product_449,120.0,2022-04-01,new_product
product_450,110.0,2022-04-01,new_product
product_451,60.0,2022-04-01,new_product
product_452,25.0,2022-04-01,new_product
product_453,215.0,2022-04-01,new_product
product_454,180.0,2022-04-01,new_product
product_455,100.0,2022-04-01,new_product
product_456,70.0,2022-04-01,new_product
product_457,130.0,2022-04-01,new_product
product_458,90.0,2022-04-01,new_product
product_459,195.0,2022-04-01,new_product
product_460,100.0,2022-04-01,new_product
product_461,95.0,2022-04-01,new_product
product_462,120.0,2022-04-01,new_product
product_463,90.0,2022-04-01,new_product
product_464,140.0,2022-04-01,new_product
product_465,100.0,2022-04-01,new_product
product_466,110.0,2022-04-01,new_product
product_467,215.0,2022-04-01,new_product
product_468,130.0,2022-04-01,new_product
product_469,90.0,2022-04-01,new_product
product_470,170.0,2022-04-01,new_product
product_471,100.0,2022-04-01,new_product
product_472,80.0,2022-04-01,new_product
product_473,125.0,2022-04-01,new_product
product_474,90.0,2022-04-01,new_product
product_475,130.0,2022-04-01,new_product
product_476,120.0,2022-04-01,new_product
product_477,170.0,2022-04-01,new_product
product_478,80.0,2022-04-01,new_product
product_479,100.0,2022-04-01,new_product
product_480,80.0,2022-04-01,new_product
product_481,100.0,2022-04-01,new_product
product_482,130.0,2022-04-01,new_product
product_483,100.0,2022-04-01,new_product
product_484,70.0,2022-04-01,new_product
product_485,25.0,2022-04-01,new_product
product_486,120.0,2022-04-01,new_product
product_487,90.0,2022-04-01,new_product
product_488,130.0,2022-04-01,new_product
product_489,100.0,2022-04-01,new_product
product_490,100.0,2022-04-01,new_product
product_491,170.0,2022-04-01,new_product
product_492,90.0,2022-04-01,new_product
product_493,100.0,2022-04-01,new_product
product_494,70.0,2022-04-01,new_product
product_495,45.0,2022-04-01,new_product
product_496,130.0,2022-04-01,new_product
product_497,110.0,2022-04-01,new_product
product_498,55.0,2022-04-01,new_product
product_499,100.0,2022-04-01,new_product
product_500,130.0,2022-04-01,new_product
product_501,245.0,2022-04-01,new_product
product_502,130.0,2022-04-01,new_product
product_503,225.0,2022-04-01,new_product
product_504,140.0,2022-04-01,new_product
product_505,225.0,2022-04-01,new_product
product_506,70.0,2022-04-01,new_product
product_507,155.0,2022-04-01,new_product
product_508,90.0,2022-04-01,new_product
product_509,110.0,2022-04-01,new_product
product_510,60.0,2022-04-01,new_product
product_511,90.0,2022-04-01,new_product
product_512,25.0,2022-04-01,new_product
product_513,90.0,2022-04-01,new_product
product_514,200.0,2022-04-01,new_product
product_515,100.0,2022-04-01,new_product
product_516,145.0,2022-04-01,new_product
product_517,70.0,2022-04-01,new_product
product_518,110.0,2022-04-01,new_product
product_519,120.0,2022-04-01,new_product
product_520,120.0,2022-04-01,new_product
product_521,45.0,2022-04-01,new_product
product_522,70.0,2022-04-01,new_product
product_523,120.0,2022-04-01,new_product
product_524,100.0,2022-04-01,new_product
product_525,80.0,2022-04-01,new_product
product_526,60.0,2022-04-01,new_product
product_527,160.0,2022-04-01,new_product
product_528,150.0,2022-04-01,new_product
product_529,100.0,2022-04-01,new_product
product_530,125.0,2022-04-01,new_product
product_531,110.0,2022-04-01,new_product
product_532,120.0,2022-04-01,new_product
product_533,70.0,2022-04-01,new_product
product_534,170.0,2022-04-01,new_product
product_535,90.0,2022-04-01,new_product
product_536,145.0,2022-04-01,new_product
product_537,90.0,2022-04-01,new_product
product_538,60.0,2022-04-01,new_product
product_539,110.0,2022-04-01,new_product
product_540,150.0,2022-04-01,new_product
product_541,45.0,2022-04-01,new_product
product_542,100.0,2022-04-01,new_product
product_543,130.0,2022-04-01,new_product
product_544,110.0,2022-04-01,new_product
product_545,90.0,2022-04-01,new_product
product_546,80.0,2022-04-01,new_product
product_547,110.0,2022-04-01,new_product
product_548,80.0,2022-04-01,new_product
product_549,90.0,2022-04-01,new_product
product_550,65.0,2022-04-01,new_product
product_551,80.0,2022-04-01,new_product
product_552,130.0,2022-04-01,new_product
product_553,120.0,2022-04-01,new_product
product_554,155.0,2022-04-01,new_product
product_555,130.0,2022-04-01,new_product
product_556,130.0,2022-04-01,new_product
product_557,90.0,2022-04-01,new_product
product_558,100.0,2022-04-01,new_product
product_559,40.0,2022-04-01,new_product
product_560,50.0,2022-04-01,new_product
product_561,150.0,2022-04-01,new_product
product_562,100.0,2022-04-01,new_product
product_563,110.0,2022-04-01,new_product
product_564,100.0,2022-04-01,new_product
product_565,85.0,2022-04-01,new_product
product_566,135.0,2022-04-01,new_product
product_567,75.0,2022-04-01,new_product
product_568,170.0,2022-04-01,new_product
product_569,100.0,2022-04-01,new_product
product_570,100.0,2022-04-01,new_product
product_571,70.0,2022-04-01,new_product
product_572,100.0,2022-04-01,new_product
product_573,80.0,2022-04-01,new_product
product_574,195.0,2022-04-01,new_product
product_575,45.0,2022-04-01,new_product
product_576,140.0,2022-04-01,new_product
product_577,80.0,2022-04-01,new_product
product_578,100.0,2022-04-01,new_product
product_579,185.0,2022-04-01,new_product
product_580,105.0,2022-04-01,new_product
product_581,90.0,2022-04-01,new_product
product_582,100.0,2022-04-01,new_product
product_583,60.0,2022-04-01,new_product
product_584,80.0,2022-04-01,new_product
product_585,80.0,2022-04-01,new_product
product_586,85.0,2022-04-01,new_product
product_587,140.0,2022-04-01,new_product
product_588,80.0,2022-04-01,new_product
product_589,155.0,2022-04-01,new_product
product_590,70.0,2022-04-01,new_product
product_591,100.0,2022-04-01,new_product
product_592,80.0,2022-04-01,new_product
product_593,195.0,2022-04-01,new_product
product_594,180.0,2022-04-01,new_product
product_595,90.0,2022-04-01,new_product
product_596,130.0,2022-04-01,new_product
product_597,225.0,2022-04-01,new_product
product_598,140.0,2022-04-01,new_product
product_599,75.0,2022-04-01,new_product
product_600,90.0,2022-04-01,new_product
product_601,90.0,2022-04-01,new_product
product_602,60.0,2022-04-01,new_product
product_603,80.0,2022-04-01,new_product
product_604,175.0,2022-04-01,new_product
product_605,70.0,2022-04-01,new_product
product_606,55.0,2022-04-01,new_product
product_607,130.0,2022-04-01,new_product
product_608,60.0,2022-04-01,new_product
product_609,105.0,2022-04-01,new_product
product_610,110.0,2022-04-01,new_product
product_611,120.0,2022-04-01,new_product
product_612,110.0,2022-04-01,new_product
product_613,90.0,2022-04-01,new_product
product_614,100.0,2022-04-01,new_product
product_615,100.0,2022-04-01,new_product
product_616,120.0,2022-04-01,new_product
product_617,140.0,2022-04-01,new_product
product_618,100.0,2022-04-01,new_product
product_619,90.0,2022-04-01,new_product
product_620,120.0,2022-04-01,new_product
product_621,185.0,2022-04-01,new_product
product_622,90.0,2022-04-01,new_product
product_623,40.0,2022-04-01,new_product
product_624,45.0,2022-04-01,new_product
product_625,130.0,2022-04-01,new_product
product_626,245.0,2022-04-01,new_product
product_627,110.0,2022-04-01,new_product
product_628,120.0,2022-04-01,new_product
product_629,120.0,2022-04-01,new_product
product_630,80.0,2022-04-01,new_product
product_631,120.0,2022-04-01,new_product
product_632,120.0,2022-04-01,new_product
product_633,130.0,2022-04-01,new_product
product_634,110.0,2022-04-01,new_product
product_635,130.0,2022-04-01,new_product
product_636,150.0,2022-04-01,new_product
product_637,80.0,2022-04-01,new_product
product_638,60.0,2022-04-01,new_product
product_639,120.0,2022-04-01,new_product
product_640,150.0,2022-04-01,new_product
product_641,120.0,2022-04-01,new_product
product_642,145.0,2022-04-01,new_product
product_643,45.0,2022-04-01,new_product
product_644,110.0,2022-04-01,new_product
product_645,140.0,2022-04-01,new_product
product_646,80.0,2022-04-01,new_product
product_647,150.0,2022-04-01,new_product
product_648,100.0,2022-04-01,new_product
product_649,80.0,2022-04-01,new_product
product_650,50.0,2022-04-01,new_product
product_651,100.0,2022-04-01,new_product
product_652,130.0,2022-04-01,new_product
product_653,110.0,2022-04-01,new_product
product_654,80.0,2022-04-01,new_product
product_655,180.0,2022-04-01,new_product
product_656,170.0,2022-04-01,new_product
product_657,165.0,2022-04-01,new_product
product_658,110.0,2022-04-01,new_product
product_659,215.0,2022-04-01,new_product
product_660,80.0,2022-04-01,new_product
product_661,70.0,2022-04-01,new_product
product_662,150.0,2022-04-01,new_product
product_663,140.0,2022-04-01,new_product
product_664,60.0,2022-04-01,new_product
product_665,80.0,2022-04-01,new_product
product_666,40.0,2022-04-01,new_product
product_667,150.0,2022-04-01,new_product
product_668,120.0,2022-04-01,new_product
product_669,140.0,2022-04-01,new_product
product_670,100.0,2022-04-01,new_product
product_671,225.0,2022-04-01,new_product
product_672,90.0,2022-04-01,new_product
product_673,100.0,2022-04-01,new_product
product_674,60.0,2022-04-01,new_product
product_675,110.0,2022-04-01,new_product
product_676,140.0,2022-04-01,new_product
product_677,110.0,2022-04-01,new_product
product_678,100.0,2022-04-01,new_product
product_679,80.0,2022-04-01,new_product
product_680,50.0,2022-04-01,new_product
product_681,150.0,2022-04-01,new_product
product_682,80.0,2022-04-01,new_product
product_683,120.0,2022-04-01,new_product
product_684,110.0,2022-04-01,new_product
product_685,40.0,2022-04-01,new_product
product_686,140.0,2022-04-01,new_product
product_687,70.0,2022-04-01,new_product
product_688,50.0,2022-04-01,new_product
product_689,80.0,2022-04-01,new_product
product_690,215.0,2022-04-01,new_product
product_691,70.0,2022-04-01,new_product
product_692,235.0,2022-04-01,new_product
product_693,160.0,2022-04-01,new_product
product_694,80.0,2022-04-01,new_product
product_695,50.0,2022-04-01,new_product
product_696,70.0,2022-04-01,new_product
product_697,110.0,2022-04-01,new_product
product_698,60.0,2022-04-01,new_product
product_699,70.0,2022-04-01,new_product
product_700,100.0,2022-04-01,new_product
product_701,120.0,2022-04-01,new_product
product_702,110.0,2022-04-01,new_product
product_703,50.0,2022-04-01,new_product
product_704,70.0,2022-04-01,new_product
product_705,120.0,2022-04-01,new_product
product_706,195.0,2022-04-01,new_product
product_707,70.0,2022-04-01,new_product
product_708,70.0,2022-04-01,new_product
product_709,175.0,2022-04-01,new_product
product_710,120.0,2022-04-01,new_product
product_711,90.0,2022-04-01,new_product
product_712,100.0,2022-04-01,new_product
product_713,100.0,2022-04-01,new_product
product_714,80.0,2022-04-01,new_product
product_715,130.0,2022-04-01,new_product
product_716,90.0,2022-04-01,new_product
product_717,70.0,2022-04-01,new_product
product_718,100.0,2022-04-01,new_product
product_719,90.0,2022-04-01,new_product
product_720,215.0,2022-04-01,new_product
product_721,145.0,2022-04-01,new_product
product_722,60.0,2022-04-01,new_product
product_723,90.0,2022-04-01,new_product
product_724,80.0,2022-04-01,new_product
product_725,70.0,2022-04-01,new_product
product_726,70.0,2022-04-01,new_product
product_727,60.0,2022-04-01,new_product
product_728,165.0,2022-04-01,new_product
product_729,45.0,2022-04-01,new_product
product_730,245.0,2022-04-01,new_product
product_731,110.0,2022-04-01,new_product
product_732,130.0,2022-04-01,new_product
product_733,100.0,2022-04-01,new_product
product_734,50.0,2022-04-01,new_product
product_735,155.0,2022-04-01,new_product
product_736,70.0,2022-04-01,new_product
product_737,120.0,2022-04-01,new_product
product_738,225.0,2022-04-01,new_product
product_739,150.0,2022-04-01,new_product
product_740,100.0,2022-04-01,new_product
product_741,105.0,2022-04-01,new_product
product_742,100.0,2022-04-01,new_product
product_743,90.0,2022-04-01,new_product
product_744,110.0,2022-04-01,new_product
product_745,95.0,2022-04-01,new_product
product_746,50.0,2022-04-01,new_product
product_747,150.0,2022-04-01,new_product
product_748,170.0,2022-04-01,new_product
product_749,110.0,2022-04-01,new_product
product_750,100.0,2022-04-01,new_product
product_751,70.0,2022-04-01,new_product
product_752,100.0,2022-04-01,new_product
product_753,90.0,2022-04-01,new_product
product_754,120.0,2022-04-01,new_product
product_755,55.0,2022-04-01,new_product
product_756,120.0,2022-04-01,new_product
product_757,80.0,2022-04-01,new_product
product_758,110.0,2022-04-01,new_product
product_759,100.0,2022-04-01,new_product
product_760,40.0,2022-04-01,new_product
product_761,60.0,2022-04-01,new_product
product_762,45.0,2022-04-01,new_product
product_763,90.0,2022-04-01,new_product
product_764,120.0,2022-04-01,new_product
product_765,90.0,2022-04-01,new_product
product_766,90.0,2022-04-01,new_product
product_767,110.0,2022-04-01,new_product
product_768,55.0,2022-04-01,new_product
product_769,105.0,2022-04-01,new_product
product_770,65.0,2022-04-01,new_product
product_771,140.0,2022-04-01,new_product
product_772,160.0,2022-04-01,new_product
product_773,80.0,2022-04-01,new_product
product_774,50.0,2022-04-01,new_product
product_775,115.0,2022-04-01,new_product
product_776,130.0,2022-04-01,new_product
product_777,100.0,2022-04-01,new_product
product_778,235.0,2022-04-01,new_product
product_779,105.0,2022-04-01,new_product
product_780,145.0,2022-04-01,new_product
product_781,110.0,2022-04-01,new_product
product_782,80.0,2022-04-01,new_product
product_783,120.0,2022-04-01,new_product
product_784,130.0,2022-04-01,new_product
product_785,100.0,2022-04-01,new_product
product_786,240.0,2022-04-01,new_product
product_787,145.0,2022-04-01,new_product
product_788,205.0,2022-04-01,new_product
product_789,130.0,2022-04-01,new_product
product_790,120.0,2022-04-01,new_product
product_791,110.0,2022-04-01,new_product
product_792,130.0,2022-04-01,new_product
product_793,110.0,2022-04-01,new_product
product_794,130.0,2022-04-01,new_product
product_795,85.0,2022-04-01,new_product
product_796,100.0,2022-04-01,new_product
product_797,100.0,2022-04-01,new_product
product_798,100.0,2022-04-01,new_product
product_799,95.0,2022-04-01,new_product
product_800,225.0,2022-04-01,new_product
product_801,80.0,2022-04-01,new_product
product_802,110.0,2022-04-01,new_product
product_803,130.0,2022-04-01,new_product
product_804,150.0,2022-04-01,new_product
product_805,60.0,2022-04-01,new_product
product_806,120.0,2022-04-01,new_product
product_807,25.0,2022-04-01,new_product
product_808,80.0,2022-04-01,new_product
product_809,70.0,2022-04-01,new_product
product_810,110.0,2022-04-01,new_product
product_811,95.0,2022-04-01,new_product
product_812,140.0,2022-04-01,new_product
product_813,100.0,2022-04-01,new_product
product_814,245.0,2022-04-01,new_product
product_815,130.0,2022-04-01,new_product
product_816,110.0,2022-04-01,new_product
product_817,100.0,2022-04-01,new_product
product_818,70.0,2022-04-01,new_product
product_819,130.0,2022-04-01,new_product
product_820,80.0,2022-04-01,new_product
product_821,70.0,2022-04-01,new_product
product_822,150.0,2022-04-01,new_product
product_823,120.0,2022-04-01,new_product
product_824,80.0,2022-04-01,new_product
product_825,60.0,2022-04-01,new_product
product_826,80.0,2022-04-01,new_product
product_827,80.0,2022-04-01,new_product
product_828,90.0,2022-04-01,new_product
product_829,90.0,2022-04-01,new_product
product_830,115.0,2022-04-01,new_product
product_831,110.0,2022-04-01,new_product
product_832,110.0,2022-04-01,new_product
product_833,185.0,2022-04-01,new_product
product_834,160.0,2022-04-01,new_product
product_835,140.0,2022-04-01,new_product
product_836,150.0,2022-04-01,new_product
product_837,80.0,2022-04-01,new_product
product_838,120.0,2022-04-01,new_product
product_839,80.0,2022-04-01,new_product
product_840,210.0,2022-04-01,new_product
product_841,150.0,2022-04-01,new_product
product_842,100.0,2022-04-01,new_product
product_843,140.0,2022-04-01,new_product
product_844,90.0,2022-04-01,new_product
product_845,70.0,2022-04-01,new_product
product_846,90.0,2022-04-01,new_product
product_847,120.0,2022-04-01,new_product
product_848,120.0,2022-04-01,new_product
product_849,145.0,2022-04-01,new_product
product_850,90.0,2022-04-01,new_product
product_851,135.0,2022-04-01,new_product
product_852,100.0,2022-04-01,new_product
product_853,80.0,2022-04-01,new_product
product_854,140.0,2022-04-01,new_product
product_855,100.0,2022-04-01,new_product
product_856,130.0,2022-04-01,new_product
product_857,160.0,2022-04-01,new_product
product_858,90.0,2022-04-01,new_product
product_859,100.0,2022-04-01,new_product
product_860,80.0,2022-04-01,new_product
product_861,130.0,2022-04-01,new_product
product_862,160.0,2022-04-01,new_product
product_863,120.0,2022-04-01,new_product
product_864,120.0,2022-04-01,new_product
product_865,55.0,2022-04-01,new_product
product_866,150.0,2022-04-01,new_product
product_867,80.0,2022-04-01,new_product
product_868,160.0,2022-04-01,new_product
product_869,110.0,2022-04-01,new_product
product_870,170.0,2022-04-01,new_product
product_871,70.0,2022-04-01,new_product
product_872,80.0,2022-04-01,new_product
product_873,120.0,2022-04-01,new_product
product_874,145.0,2022-04-01,new_product
product_875,90.0,2022-04-01,new_product
product_876,100.0,2022-04-01,new_product
product_877,145.0,2022-04-01,new_product
product_878,115.0,2022-04-01,new_product
product_879,65.0,2022-04-01,new_product
product_880,80.0,2022-04-01,new_product
product_881,110.0,2022-04-01,new_product
product_882,120.0,2022-04-01,new_product
product_883,70.0,2022-04-01,new_product
product_884,75.0,2022-04-01,new_product
product_885,120.0,2022-04-01,new_product
product_886,90.0,2022-04-01,new_product
product_887,60.0,2022-04-01,new_product
product_888,110.0,2022-04-01,new_product
product_889,90.0,2022-04-01,new_product
product_890,60.0,2022-04-01,new_product
product_891,185.0,2022-04-01,new_product
product_892,120.0,2022-04-01,new_product
product_893,60.0,2022-04-01,new_product
product_894,75.0,2022-04-01,new_product
product_895,90.0,2022-04-01,new_product
product_896,90.0,2022-04-01,new_product
product_897,80.0,2022-04-01,new_product
product_898,140.0,2022-04-01,new_product
product_899,50.0,2022-04-01,new_product
product_900,45.0,2022-04-01,new_product
product_901,100.0,2022-04-01,new_product
product_902,100.0,2022-04-01,new_product
product_903,70.0,2022-04-01,new_product
product_904,70.0,2022-04-01,new_product
product_905,140.0,2022-04-01,new_product
product_906,215.0,2022-04-01,new_product
product_907,90.0,2022-04-01,new_product
product_908,140.0,2022-04-01,new_product
product_909,100.0,2022-04-01,new_product
product_910,160.0,2022-04-01,new_product
product_911,110.0,2022-04-01,new_product
product_912,60.0,2022-04-01,new_product
product_913,180.0,2022-04-01,new_product
product_914,100.0,2022-04-01,new_product
product_915,100.0,2022-04-01,new_product
product_916,70.0,2022-04-01,new_product
product_917,110.0,2022-04-01,new_product
product_918,90.0,2022-04-01,new_product
product_919,70.0,2022-04-01,new_product
product_920,130.0,2022-04-01,new_product
product_921,120.0,2022-04-01,new_product
product_922,110.0,2022-04-01,new_product
product_923,75.0,2022-04-01,new_product
product_924,95.0,2022-04-01,new_product
product_925,120.0,2022-04-01,new_product
product_926,110.0,2022-04-01,new_product
product_927,110.0,2022-04-01,new_product
product_928,105.0,2022-04-01,new_product
product_929,70.0,2022-04-01,new_product
product_930,205.0,2022-04-01,new_product
product_931,110.0,2022-04-01,new_product
product_932,120.0,2022-04-01,new_product
product_933,100.0,2022-04-01,new_product
product_934,90.0,2022-04-01,new_product
product_935,120.0,2022-04-01,new_product
product_936,95.0,2022-04-01,new_product
product_937,90.0,2022-04-01,new_product
product_938,70.0,2022-04-01,new_product
product_939,60.0,2022-04-01,new_product
product_940,80.0,2022-04-01,new_product
product_941,80.0,2022-04-01,new_product
product_942,50.0,2022-04-01,new_product
product_943,130.0,2022-04-01,new_product
product_944,185.0,2022-04-01,new_product
product_945,235.0,2022-04-01,new_product
product_946,110.0,2022-04-01,new_product
product_947,40.0,2022-04-01,new_product
product_948,90.0,2022-04-01,new_product
product_949,100.0,2022-04-01,new_product
product_950,60.0,2022-04-01,new_product
product_951,175.0,2022-04-01,new_product
product_952,90.0,2022-04-01,new_product
product_953,40.0,2022-04-01,new_product
product_954,100.0,2022-04-01,new_product
product_955,235.0,2022-04-01,new_product
product_956,105.0,2022-04-01,new_product
product_957,75.0,2022-04-01,new_product
product_958,120.0,2022-04-01,new_product
product_959,80.0,2022-04-01,new_product
product_960,215.0,2022-04-01,new_product
product_961,100.0,2022-04-01,new_product
product_962,140.0,2022-04-01,new_product
product_963,160.0,2022-04-01,new_product
product_964,110.0,2022-04-01,new_product
product_965,90.0,2022-04-01,new_product
product_966,130.0,2022-04-01,new_product
product_967,70.0,2022-04-01,new_product
product_968,90.0,2022-04-01,new_product
product_969,100.0,2022-04-01,new_product
product_970,120.0,2022-04-01,new_product
product_971,50.0,2022-04-01,new_product
product_972,90.0,2022-04-01,new_product
product_973,80.0,2022-04-01,new_product
product_974,165.0,2022-04-01,new_product
product_975,110.0,2022-04-01,new_product
product_976,120.0,2022-04-01,new_product
product_977,80.0,2022-04-01,new_product
product_978,80.0,2022-04-01,new_product
product_979,80.0,2022-04-01,new_product
product_980,180.0,2022-04-01,new_product
product_981,75.0,2022-04-01,new_product
product_982,120.0,2022-04-01,new_product
product_983,165.0,2022-04-01,new_product
product_984,115.0,2022-04-01,new_product
product_985,70.0,2022-04-01,new_product
product_986,70.0,2022-04-01,new_product
product_987,80.0,2022-04-01,new_product
product_988,205.0,2022-04-01,new_product
product_989,80.0,2022-04-01,new_product
product_990,120.0,2022-04-01,new_product
product_991,40.0,2022-04-01,new_product
product_992,125.0,2022-04-01,new_product
product_993,70.0,2022-04-01,new_product
product_994,185.0,2022-04-01,new_product
product_995,70.0,2022-04-01,new_product
product_996,215.0,2022-04-01,new_product
product_997,60.0,2022-04-01,new_product
product_998,100.0,2022-04-01,new_product
product_999,175.0,2022-04-01,new_product
product_3,50.0,2022-05-31,reorder
product_10,50.0,2022-05-31,reorder
product_16,50.0,2022-05-31,reorder
product_39,50.0,2022-05-31,reorder
product_47,50.0,2022-05-31,reorder
product_72,100.0,2022-05-31,reorder
product_85,50.0,2022-05-31,reorder
product_90,100.0,2022-05-31,reorder
product_96,50.0,2022-05-31,reorder
product_113,100.0,2022-05-31,reorder
product_115,100.0,2022-05-31,reorder
product_128,50.0,2022-05-31,reorder
product_133,50.0,2022-05-31,reorder
product_145,50.0,2022-05-31,reorder
product_154,100.0,2022-05-31,reorder
product_158,50.0,2022-05-31,reorder
product_165,50.0,2022-05-31,reorder
product_169,50.0,2022-05-31,reorder
product_227,50.0,2022-05-31,reorder
product_229,50.0,2022-05-31,reorder
product_238,50.0,2022-05-31,reorder
product_248,50.0,2022-05-31,reorder
product_251,100.0,2022-05-31,reorder
product_254,50.0,2022-05-31,reorder
product_262,50.0,2022-05-31,reorder
product_270,50.0,2022-05-31,reorder
product_274,100.0,2022-05-31,reorder
product_279,100.0,2022-05-31,reorder
product_281,50.0,2022-05-31,reorder
product_282,50.0,2022-05-31,reorder
product_284,50.0,2022-05-31,reorder
product_294,100.0,2022-05-31,reorder
product_303,50.0,2022-05-31,reorder
product_324,50.0,2022-05-31,reorder
product_330,50.0,2022-05-31,reorder
product_340,50.0,2022-05-31,reorder
product_341,50.0,2022-05-31,reorder
product_342,50.0,2022-05-31,reorder
product_352,100.0,2022-05-31,reorder
product_354,100.0,2022-05-31,reorder
product_361,100.0,2022-05-31,reorder
product_370,50.0,2022-05-31,reorder
product_377,100.0,2022-05-31,reorder
product_380,100.0,2022-05-31,reorder
product_389,100.0,2022-05-31,reorder
product_395,50.0,2022-05-31,reorder
product_410,50.0,2022-05-31,reorder
product_424,50.0,2022-05-31,reorder
product_459,100.0,2022-05-31,reorder
product_465,50.0,2022-05-31,reorder
product_466,50.0,2022-05-31,reorder
product_471,100.0,2022-05-31,reorder
product_477,50.0,2022-05-31,reorder
product_478,50.0,2022-05-31,reorder
product_480,100.0,2022-05-31,reorder
product_493,50.0,2022-05-31,reorder
product_498,100.0,2022-05-31,reorder
product_513,50.0,2022-05-31,reorder
product_529,50.0,2022-05-31,reorder
product_554,50.0,2022-05-31,reorder
product_566,50.0,2022-05-31,reorder
product_574,50.0,2022-05-31,reorder
product_576,50.0,2022-05-31,reorder
product_604,50.0,2022-05-31,reorder
product_611,100.0,2022-05-31,reorder
product_614,50.0,2022-05-31,reorder
product_619,50.0,2022-05-31,reorder
product_625,50.0,2022-05-31,reorder
product_626,50.0,2022-05-31,reorder
product_628,50.0,2022-05-31,reorder
product_632,50.0,2022-05-31,reorder
product_651,100.0,2022-05-31,reorder
product_657,50.0,2022-05-31,reorder
product_660,50.0,2022-05-31,reorder
product_663,50.0,2022-05-31,reorder
product_668,100.0,2022-05-31,reorder
product_691,50.0,2022-05-31,reorder
product_705,100.0,2022-05-31,reorder
product_715,50.0,2022-05-31,reorder
product_718,100.0,2022-05-31,reorder
product_722,50.0,2022-05-31,reorder
product_726,50.0,2022-05-31,reorder
product_729,50.0,2022-05-31,reorder
product_732,50.0,2022-05-31,reorder
product_734,50.0,2022-05-31,reorder
product_743,50.0,2022-05-31,reorder
product_757,50.0,2022-05-31,reorder
product_768,100.0,2022-05-31,reorder
product_772,50.0,2022-05-31,reorder
product_776,100.0,2022-05-31,reorder
product_787,50.0,2022-05-31,reorder
product_788,100.0,2022-05-31,reorder
product_791,50.0,2022-05-31,reorder
product_798,50.0,2022-05-31,reorder
product_812,50.0,2022-05-31,reorder
product_826,100.0,2022-05-31,reorder
product_832,50.0,2022-05-31,reorder
product_840,50.0,2022-05-31,reorder
product_842,50.0,2022-05-31,reorder
product_865,50.0,2022-05-31,reorder
product_872,50.0,2022-05-31,reorder
product_913,50.0,2022-05-31,reorder
product_916,50.0,2022-05-31,reorder
product_931,50.0,2022-05-31,reorder
product_932,50.0,2022-05-31,reorder
product_943,50.0,2022-05-31,reorder
product_955,50.0,2022-05-31,reorder
product_976,50.0,2022-05-31,reorder
product_979,50.0,2022-05-31,reorder
product_980,50.0,2022-05-31,reorder
product_982,50.0,2022-05-31,reorder
product_988,50.0,2022-05-31,reorder
product_991,50.0,2022-05-31,reorder
product_992,100.0,2022-05-31,reorder
product_994,100.0,2022-05-31,reorder
